{
  "count": 12,
  "total_rows_seen": 12,
  "include_invalid_rows": false,
  "status_counts": {
    "success": 12
  },
  "metrics": {
    "ca_rmsd": {
      "mean": 0.34954380301217114,
      "median": 8.743201720746114e-16,
      "std": 0.6187945787918556,
      "min": 0.0,
      "max": 2.1591491105702065
    },
    "all_atom_rmsd": {
      "mean": 0.3498789631718195,
      "median": 1.420548771380134e-15,
      "std": 0.6191943464778427,
      "min": 0.0,
      "max": 2.160202018818051
    },
    "irmsd": {
      "mean": 0.3498789631718194,
      "median": 1.420548771380134e-15,
      "std": 0.6191943464778427,
      "min": 0.0,
      "max": 2.160202018818051
    },
    "lrmsd": {
      "mean": 0.7379412113103904,
      "median": 0.0,
      "std": 1.2956759247524388,
      "min": 0.0,
      "max": 4.5
    },
    "fnat": {
      "mean": 0.8020833333333334,
      "median": 1.0,
      "std": 0.3731144726785899,
      "min": 0.0,
      "max": 1.0
    },
    "dockq": {
      "mean": 0.8925671257920967,
      "median": 1.0,
      "std": 0.19429329111304658,
      "min": 0.3687971352594315,
      "max": 1.0
    },
    "lddt_ca": {
      "mean": 0.8903769841269842,
      "median": 1.0,
      "std": 0.17652896642127794,
      "min": 0.425,
      "max": 1.0
    },
    "clash_count": {
      "mean": 17.916666666666668,
      "median": 15.0,
      "std": 9.402644427086575,
      "min": 0.0,
      "max": 43.0
    },
    "clashes_per_1000_atoms": {
      "mean": 838.293650793651,
      "median": 750.0,
      "std": 453.9867680623652,
      "min": 0.0,
      "max": 2150.0
    },
    "matched_residue_fraction": {
      "mean": 1.0,
      "median": 1.0,
      "std": 0.0,
      "min": 1.0,
      "max": 1.0
    },
    "matched_atom_fraction": {
      "mean": 0.9375,
      "median": 1.0,
      "std": 0.2072890493972125,
      "min": 0.25,
      "max": 1.0
    },
    "num_matched_residues": {
      "mean": 5.25,
      "median": 5.0,
      "std": 0.5951190357119042,
      "min": 5.0,
      "max": 7.0
    },
    "num_matched_atoms": {
      "mean": 19.75,
      "median": 20.0,
      "std": 5.035292113340264,
      "min": 5.0,
      "max": 28.0
    },
    "num_native_contacts": {
      "mean": 5.416666666666667,
      "median": 5.0,
      "std": 0.9537935951882998,
      "min": 5.0,
      "max": 8.0
    },
    "num_recovered_contacts": {
      "mean": 4.333333333333333,
      "median": 5.0,
      "std": 2.0138409955990952,
      "min": 0.0,
      "max": 7.0
    },
    "mapping_confidence_score": {
      "mean": 0.928294921875,
      "median": 1.0,
      "std": 0.12296089316202351,
      "min": 0.5615390624999999,
      "max": 1.0
    }
  },
  "success_rates": {
    "dockq_ge_0_23": 1.0,
    "dockq_ge_0_49": 0.9166666666666666,
    "dockq_ge_0_80": 0.75,
    "irmsd_le_2_0": 0.9166666666666666
  },
  "average_lddt_ca": 0.8903769841269842,
  "average_clash_count": 17.916666666666668,
  "average_clashes_per_1000_atoms": 838.293650793651
}